Title,URL,Most_Confident_Topic,Confidence_Score
Wet Signature vs. Electronic Signature: Key Differences and When to Use Each - RunSensible,https://www.runsensible.com/blog/wet-signature-vs-electronic-signature/,Document Automation & E-Signature,0.97
What Is the Model Law Firm Hierarchy and Structure? - RunSensible,https://www.runsensible.com/blog/model-law-firm-hierarchy-structure/,Document Automation & E-Signature,0.89
Ensuring Fairness and Justice: The Role of Judicial Codes of Conduct in Legal Practice - RunSensible,https://www.runsensible.com/blog/fairness-justice-role-judicial-codes-of-conduct-legal-practice/,"Client Intake, RunSensible Drive","0.49, 0.47"
The Do's and Don'ts of Texting Clients: An Ethical Guide for Lawyers - RunSensible,https://www.runsensible.com/blog/texting-clients-ethical-guide-for-lawyers/,Client Intake,0.69
5 Cost-Saving Strategies: How Legal Departments Leverage Technology - RunSensible,https://www.runsensible.com/blog/5-cost-saving-strategies-legal-technology/,"Document Automation & E-Signature, RunSensible Drive","0.72, 0.62"
16 Personal Injury Lawyer Commercial Examples - RunSensible,https://www.runsensible.com/blog/personal-injury-lawyer-commercial/,"Document Automation & E-Signature, Personal Injury Law","0.82, 0.8"
Becoming a SaaS Lawyer: Legal Essentials and Best Practices - RunSensible,https://www.runsensible.com/blog/saas-lawyer-legal-essentials-practices/,Document Automation & E-Signature,0.81
Year-End Closing Questions to Help Your Law Firm Start Next Year Strong - RunSensible,https://www.runsensible.com/blog/year-end-closing-law-firm-start-new-year/,"Document Automation & E-Signature, RunSensible Drive","0.6, 0.55"
Essential Software Lawyers and Law Firms Use - RunSensible,https://www.runsensible.com/blog/software-lawyers-law-firms-use/,Document Automation & E-Signature,0.88
Top 10 Myths About Solo Attorneys - RunSensible,https://www.runsensible.com/blog/top-10-myths-about-solo-attorneys/,Client Relationship Management (CRM),0.96
6 Benefits of a Client Portal for Law Firms - RunSensible,https://www.runsensible.com/blog/6-benefits-client-portal-law-firms/,Document Automation & E-Signature,0.95
An Insight into Prenuptial Agreements - RunSensible,https://www.runsensible.com/blog/insight-prenuptial-agreements/,Document Automation & E-Signature,0.92
Dropbox for Lawyers: Efficient Document Storage and Sharing - RunSensible,https://www.runsensible.com/blog/dropbox-for-lawyers-document-storage/,Document Automation & E-Signature,0.87
Why Lawyers Need to Have a Profile on RunSensible Profile - RunSensible,https://www.runsensible.com/blog/why-lawyers-need-to-have-a-profile-on-runsensible-profile/,Client Intake,0.78
Essential KPIs Every Legal Practice Should Track - RunSensible,https://www.runsensible.com/blog/kpis-legal-practice-track/,Document Automation & E-Signature,0.72
Far-Reaching Impacts of Cybercrime: Protecting Society in the Digital Age - RunSensible,https://www.runsensible.com/blog/cybercrime-protecting-society-digital-age/,"Client Intake, RunSensible Drive","0.6, 0.53"
28 Sales Ideas for Retail Stores - RunSensible,https://www.runsensible.com/blog/28-sales-ideas-for-retail-stores/,Client Relationship Management (CRM),0.97
How to Open a Yoga Studio With No Money — An In-Depth Guide - RunSensible,https://www.runsensible.com/blog/how-to-open-a-yoga-studio-with-no-money/,Document Automation & E-Signature,0.62
12 Bad Habits of Entrepreneurs that You Too Need to Ditch - RunSensible,https://www.runsensible.com/blog/bad-habits-of-entrepreneurs/,"Document Automation & E-Signature, RunSensible Drive","0.81, 0.75"
Your Guide to Mastering CRM Marketing Campaigns - RunSensible,https://www.runsensible.com/blog/guide-to-mastering-crm-marketing-campaigns/,Client Relationship Management (CRM),0.97
How to Build a Winning Demand Package for Personal Injury Claims - RunSensible,https://www.runsensible.com/blog/winning-demand-package-personal-injury/,Client Intake,0.81
How to Answer a Phone Call Professionally (Plus Samples) — Vital Business Phone Etiquette Tips without Tricks - RunSensible,https://www.runsensible.com/blog/answer-phone-call/,RunSensible Drive,0.5
The Legal Operations Maturity Model: A Comprehensive Guide - RunSensible,https://www.runsensible.com/blog/the-legal-operations-maturity-model-a-comprehensive-guide/,Document Automation & E-Signature,0.72
10 Simple Meeting Invitation Email Samples to Impress Your Clients - RunSensible,https://www.runsensible.com/blog/10-simple-meeting-invitation-email-samples-to-impress-your-clients/,Client Intake,0.77
Law Blogs: 12 Best Legal Blogs for Lawyers in 2024 - RunSensible,https://www.runsensible.com/blog/blog-for-attorneys/,Document Automation & E-Signature,0.91
Why RunSensible is the Perfect CRM for Lawyers and Law Firms - RunSensible,https://www.runsensible.com/blog/why-runsensible-is-the-perfect-crm-for-lawyers-and-law-firms/,Client Relationship Management (CRM),0.94
Navigating Compliance Challenges in Law Firms: Key Issues and Solutions - RunSensible,https://www.runsensible.com/blog/compliance-challenges-law-firms-solutions/,RunSensible Drive,0.66
Here’s What CRM Stands For — CRM Definition and Guide - RunSensible,https://www.runsensible.com/blog/what-crm-stands-for-crm-definition-and-guide/,Client Relationship Management (CRM),0.97
Top 6 CRM for Startups in 2022 - RunSensible,https://www.runsensible.com/blog/top-6-crm-for-startups-in-2022/,Client Relationship Management (CRM),0.98
Why Every Law Firm Should Invest in a Legal E-Signature Software - RunSensible,https://www.runsensible.com/blog/law-firm-legal-e-signature-software/,Client Intake,0.86
Lawyer Advertising in 12 Easy Steps - RunSensible,https://www.runsensible.com/blog/lawyer-advertising-in-12-easy-steps/,Document Automation & E-Signature,0.93
Best Tools and Tech for Remote Law Firm Management - RunSensible,https://www.runsensible.com/blog/best-tools-and-tech-for-remote-law-firm-management/,Document Automation & E-Signature,0.88
Need a hand with prioritizing leads and recognizing potential customers? You need to use lead scoring. Read on to learn more about the benefits of lead scoring!,https://www.runsensible.com/blog/why-you-should-start-using-lead-scoring-now/,Client Intake,0.5
15 Black Friday Marketing Ideas You Should Be Using! - RunSensible,https://www.runsensible.com/blog/15-black-friday-marketing-ideas/,Document Automation & E-Signature,0.91
Choosing the Right Conveyancing Solicitor: A Comprehensive Guide - RunSensible,https://www.runsensible.com/blog/choosing-the-right-conveyancing-solicitor-a-comprehensive-guide/,Client Intake,0.75
Maximizing Your Compensation: The Strategic Advantage of Hiring a Personal Injury Attorney - RunSensible,https://www.runsensible.com/blog/compensation-hire-personal-injury-attorney/,Personal Injury Law,0.57
Trial vs. Mediation: Deciding the Best Approach for Personal Injury Cases After a Car Accident - RunSensible,https://www.runsensible.com/blog/trial-mediation-approach-personal-injury-car-accident/,"Client Intake, Personal Injury Law","0.51, 0.5"
Best 10 Meditation Activities for Stressed Out Entrepreneurs - RunSensible,https://www.runsensible.com/blog/best-meditation-activities-for-stressed-out-entrepreneurs/,Document Automation & E-Signature,0.58
Comprehensive Event Planner Contract - RunSensible,https://www.runsensible.com/blog/event-planner-contract/,Document Automation & E-Signature,0.9
Legal Tips for Entrepreneurs: Protect Your Business - RunSensible,https://www.runsensible.com/blog/legal-tips-for-entrepreneurs-protect-your-business/,Document Automation & E-Signature,0.92
Lawyer Business Cards How to Make an Impressive Card for Your Practice - RunSensible,https://www.runsensible.com/blog/lawyer-business-cards-impressive-card-law-practice/,Business Law,0.72
15 Last-Minute Cyber Monday Marketing Strategies - RunSensible,https://www.runsensible.com/blog/15-last-minute-cyber-monday-marketing-strategies/,Document Automation & E-Signature,0.91
ERP vs CRM vs SCM: What’s the Difference? - RunSensible,https://www.runsensible.com/blog/erp-vs-crm-vs-scm/,Document Automation & E-Signature,0.95
The Essentials of Artwork Licensing Agreement - RunSensible,https://www.runsensible.com/blog/artwork-licensing-agreement/,Document Automation & E-Signature,0.94
Artificial Intelligence for Lawyers: A Guide - RunSensible,https://www.runsensible.com/blog/artificial-intelligence-for-lawyers-a-guide/,Document Automation & E-Signature,0.85
Criminal Defense Marketing: What Lawyers Need to Know - RunSensible,https://www.runsensible.com/blog/criminal-defense-marketing-what-lawyers-need-to-know/,Document Automation & E-Signature,0.92
Top 10 Legal Conferences in the US for Attorneys and Law Firms - RunSensible,https://www.runsensible.com/blog/legal-conferences-us-attorneys-law-firms/,Document Automation & E-Signature,0.69
Navigating Post-Trial Motions for Lawyers - RunSensible,https://www.runsensible.com/blog/post-trial-motions-lawyers/,Document Automation & E-Signature,0.95
The Next Generation of Legal Billing: How RunSensible Transforms Payments and Digital Billing - RunSensible,https://www.runsensible.com/blog/legal-billing-digital-billing-runsensible/,Client Intake,0.52
Breaking Down Law Firm Expenses: The Difference Between Hard Expenses and Operational Expenses - RunSensible,https://www.runsensible.com/blog/law-firm-expenses-hard-expenses-operational-expenses/,"Business Law, RunSensible Drive","0.48, 0.4"
Top Fonts to Elevate Your Law Firm's Professional Image - RunSensible,https://www.runsensible.com/blog/top-fonts-elevate-law-firms-professional/,Document Automation & E-Signature,0.8
Navigating the Romeo and Juliet Law - RunSensible,https://www.runsensible.com/blog/romeo-and-juliet-law/,Document Automation & E-Signature,0.89
23 Features to Look for in Practice Management Software for Law Firms - RunSensible,https://www.runsensible.com/blog/practice-management-software-for-law-firm/,"Document Automation & E-Signature, RunSensible Drive","0.56, 0.48"
Understanding Bates Numbering: What It Is and Why It Matters - RunSensible,https://www.runsensible.com/blog/understanding-bates-numbering/,Document Automation & E-Signature,0.72
Legal Document Automation: A Comprehensive Guide for Modern Law Firms - RunSensible,https://www.runsensible.com/blog/legal-document-automation-a-comprehensive-law-firms/,Document Automation & E-Signature,0.69
"Becoming a Freelance Attorney: Pros, Cons, and How to Get Started - RunSensible",https://www.runsensible.com/blog/freelance-attorney-pros-cons-get-started/,Client Intake,0.62
Unleashing Lead Generation for Personal Injury Law Firms - RunSensible,https://www.runsensible.com/blog/unleashing-lead-generation-for-personal-injury-law-firms/,"Personal Injury Law, Personal Injury Law","0.88, 0.82"
"Gross Negligence: Definition, Examples - RunSensible",https://www.runsensible.com/blog/gross-negligence-definition-examples/,Document Automation & E-Signature,0.85
Starting a Law Practice with No Money: Essential Tips for New Lawyers - RunSensible,https://www.runsensible.com/blog/starting-a-law-practice-no-money-tips-new-lawyers/,Client Intake,0.63
Key Advantages of a Legal Career: The Benefits of Being a Lawyer - RunSensible,https://www.runsensible.com/blog/advantages-legal-career-benefits-of-being-a-lawyer/,Client Intake,0.69
